"oldcode";"dis_code";"dis_nom";"dep_code";"dep_nom";"spr_code";"spr_nom";"pop";"men";"camion_public";"precollecteur";"depot_amenage";"depot_sauvage";"nature";"brule";"enterre";"autre"
"CI010101";"A";"Abidjan";"A1";"Abidjan";"A101";"Abidjan";5616633;1261750;620967;319715;133541;104830;76421;4553;1634;89
"CI010102";"A";"Abidjan";"A1";"Abidjan";"A102";"Anyama";389592;80147;18620;6835;13416;22035;17911;1245;59;26
"CI010103";"A";"Abidjan";"A1";"Abidjan";"A103";"Bingerville";204656;46607;12739;14060;8842;5364;5033;549;14;6
"CI010104";"A";"Abidjan";"A1";"Abidjan";"A104";"Brofodoumé";20357;5088;23;28;558;879;3566;32;1;1
"CI010105";"A";"Abidjan";"A1";"Abidjan";"A105";"Songon";89778;20544;8733;1387;2504;1561;6220;126;13;0
"CI020101";"B";"Yamoussoukro";"B1";"Attiégouakro";"B101";"Attiégouakro";14863;2819;694;189;63;514;1318;41;0;0
"CI020102";"B";"Yamoussoukro";"B1";"Attiégouakro";"B102";"Lolobo";34650;6513;1;1;78;1737;4623;69;4;0
"CI020201";"B";"Yamoussoukro";"B1";"Yamoussoukro";"B103";"Yamoussoukro";340234;67394;38149;5059;5674;6443;10293;1641;25;110
"CI020202";"B";"Yamoussoukro";"B1";"Yamoussoukro";"B104";"Kossou";32326;6034;17;30;191;830;4419;534;13;0
"CI290102";"C";"Bas-Sassandra";"C1";"San Pédro";"C101";"Doba";95246;17498;570;54;556;4764;10637;531;355;31
"CI290103";"C";"Bas-Sassandra";"C1";"San Pédro";"C102";"Dogbo";61632;10015;3;0;43;2190;7254;264;260;1
"CI290104";"C";"Bas-Sassandra";"C1";"San Pédro";"C103";"Gabiadji";113369;20666;80;18;825;6036;12710;770;227;0
"CI290105";"C";"Bas-Sassandra";"C1";"San Pédro";"C104";"Grand-Béréby";129340;26269;1433;889;1641;5302;14839;1407;755;3
"CI290101";"C";"Bas-Sassandra";"C1";"San Pédro";"C105";"San-Pédro";390654;75903;25884;8267;5440;14826;19003;2028;453;2
"CI290202";"C";"Bas-Sassandra";"C2";"Tabou";"C201";"Dapo-Iboké";20368;4647;582;189;364;537;2355;210;410;0
"CI290203";"C";"Bas-Sassandra";"C2";"Tabou";"C202";"Djamandioké";22824;3372;277;116;361;842;1690;81;5;0
"CI290204";"C";"Bas-Sassandra";"C2";"Tabou";"C203";"Djouroutou";91316;15377;110;401;329;3787;9745;690;315;0
"CI290205";"C";"Bas-Sassandra";"C2";"Tabou";"C204";"Grabo";53824;9789;213;6;567;1808;6948;122;125;0
"CI290206";"C";"Bas-Sassandra";"C2";"Tabou";"C205";"Olodio";19429;4786;8;4;521;1389;2497;112;255;0
"CI290201";"C";"Bas-Sassandra";"C2";"Tabou";"C206";"Tabou";62719;9743;275;267;830;2575;4992;654;150;0
"CI260101";"C";"Bas-Sassandra";"C3";"Buyo";"C301";"Buyo";100848;15769;1434;44;321;2128;10805;991;45;1
"CI260102";"C";"Bas-Sassandra";"C3";"Buyo";"C302";"Dapéoua";75721;11922;32;0;46;2127;9231;455;31;0
"CI260202";"C";"Bas-Sassandra";"C4";"Guéyo";"C401";"Dabouyo";45751;7579;19;12;187;2152;4954;236;19;0
"CI260201";"C";"Bas-Sassandra";"C4";"Guéyo";"C402";"Guéyo";56462;10230;555;145;340;2621;5982;536;51;0
"CI260402";"C";"Bas-Sassandra";"C6";"Méagui";"C501";"Gnanmangui";83794;13047;1;2;35;5911;6844;130;124;0
"CI260301";"C";"Bas-Sassandra";"C5";"Méagui";"C502";"Méagui";153483;33047;1994;733;1225;7827;19181;1853;234;0
"CI260302";"C";"Bas-Sassandra";"C5";"Méagui";"C503";"Oupoyo";61973;9385;103;10;415;3421;4857;266;312;1
"CI260403";"C";"Bas-Sassandra";"C6";"Soubré";"C601";"Grand-Zatry";112049;17399;91;119;492;3939;11705;918;135;0
"CI260404";"C";"Bas-Sassandra";"C6";"Soubré";"C602";"Liliyo";82566;14682;51;48;406;3278;10232;569;98;0
"CI260405";"C";"Bas-Sassandra";"C6";"Soubré";"C603";"Okrouyo";120053;19805;783;358;475;5166;12587;381;54;1
"CI260401";"C";"Bas-Sassandra";"C6";"Soubré";"C604";"Soubre";272773;56747;1442;5335;5425;18613;23259;2527;143;3
"CI120101";"C";"Bas-Sassandra";"C7";"Fresco";"C701";"Dahiri";34821;5802;4;0;10;1250;4452;72;14;0
"CI120102";"C";"Bas-Sassandra";"C7";"Fresco";"C702";"Fresco";48098;10602;467;308;610;2571;5818;607;221;0
"CI120103";"C";"Bas-Sassandra";"C7";"Fresco";"C703";"Gbagbam";24832;4222;51;4;250;579;3260;76;2;0
"CI120202";"C";"Bas-Sassandra";"C8";"Sassandra";"C801";"Dakpadou";71998;12089;226;205;689;3972;6386;542;69;0
"CI120203";"C";"Bas-Sassandra";"C8";"Sassandra";"C802";"Grihiri";41965;7083;0;1;110;1668;5125;104;75;0
"CI120204";"C";"Bas-Sassandra";"C8";"Sassandra";"C803";"Lobakuya";42746;6521;4;0;10;1650;4615;229;13;0
"CI120205";"C";"Bas-Sassandra";"C8";"Sassandra";"C804";"Medon";17437;3554;1;2;219;1126;2013;155;38;0
"CI120206";"C";"Bas-Sassandra";"C8";"Sassandra";"C805";"Sago";91140;17190;29;13;167;4562;12006;305;108;0
"CI120201";"C";"Bas-Sassandra";"C8";"Sassandra";"C806";"Sassandra";87945;18028;1258;318;1536;5173;8817;839;87;0
"CI200101";"D";"Comoe";"D1";"Abengourou";"D101";"Abengourou";164424;32376;3629;7916;3929;5379;9678;1746;98;1
"CI200102";"D";"Comoe";"D1";"Abengourou";"D102";"Amélékia";25387;6863;147;369;337;1741;3819;432;18;0
"CI200103";"D";"Comoe";"D1";"Abengourou";"D103";"Aniassué";42729;8215;196;1174;291;1782;4277;469;25;1
"CI200104";"D";"Comoe";"D1";"Abengourou";"D104";"Ebilassokro";28331;5098;7;4;117;2128;2631;198;11;2
"CI200105";"D";"Comoe";"D1";"Abengourou";"D105";"Niable";57081;10734;2237;227;803;2933;4210;287;29;8
"CI200106";"D";"Comoe";"D1";"Abengourou";"D106";"Yakasse-Féyassé";52445;11742;108;120;2030;2767;5990;703;21;3
"CI200107";"D";"Comoe";"D1";"Abengourou";"D107";"Zaranou";60142;12466;42;37;1131;6093;4213;894;53;3
"CI200201";"D";"Comoe";"D2";"Agnibilékrou";"D201";"Agnibilekrou";99501;23896;867;2495;4729;6335;8163;1256;50;1
"CI200202";"D";"Comoe";"D2";"Agnibilékrou";"D202";"Akoboissué";36022;7281;59;11;99;3112;3937;57;6;0
"CI200203";"D";"Comoe";"D2";"Agnibilékrou";"D203";"Damé";23691;4501;20;9;157;1127;2866;275;47;0
"CI200204";"D";"Comoe";"D2";"Agnibilékrou";"D204";"Duffrebo";44107;8738;5;2;114;2115;6137;349;16;0
"CI200205";"D";"Comoe";"D2";"Agnibilékrou";"D205";"Tanguélan";12944;2466;54;9;78;525;1758;40;2;0
"CI200301";"D";"Comoe";"D3";"Béttié";"D301";"Bettié";33020;6207;1189;816;180;1289;2640;87;6;0
"CI200302";"D";"Comoe";"D3";"Béttié";"D302";"Diamarakro";36621;5558;99;56;45;1578;3368;406;6;0
"CI300101";"D";"Comoe";"D4";"Aboisso";"D401";"Aboisso";100903;23098;7296;763;1517;4174;8204;991;144;9
"CI300102";"D";"Comoe";"D4";"Aboisso";"D402";"Adaou";51050;8836;272;617;608;2330;4391;351;267;0
"CI300103";"D";"Comoe";"D4";"Aboisso";"D403";"Adjouan";28663;5347;1135;500;120;353;3105;122;12;0
"CI300104";"D";"Comoe";"D4";"Aboisso";"D404";"Ayamé";28272;5632;1893;51;191;940;2340;100;115;2
"CI300105";"D";"Comoe";"D4";"Aboisso";"D405";"Bianouan";49647;8165;205;9;178;2967;4446;201;159;0
"CI300106";"D";"Comoe";"D4";"Aboisso";"D406";"Kouakro";34685;6780;288;30;204;1712;4107;307;132;0
"CI300107";"D";"Comoe";"D4";"Aboisso";"D407";"Maféré";46410;10134;1485;116;439;3322;4483;261;23;5
"CI300108";"D";"Comoe";"D4";"Aboisso";"D408";"Yaou";22213;3749;4;3;84;1052;2448;138;20;0
"CI300201";"D";"Comoe";"D5";"Adiaké";"D501";"Adiake";50556;10651;5123;259;141;1475;3120;418;111;4
"CI300202";"D";"Comoe";"D5";"Adiaké";"D502";"Assinie-Mafia";21941;5208;2267;345;520;679;1246;110;41;0
"CI300203";"D";"Comoe";"D5";"Adiaké";"D503";"Etuéboué";15510;2541;24;48;100;454;1556;209;150;0
"CI300301";"D";"Comoe";"D6";"Grand-Bassam";"D601";"Bongo";24148;5614;403;304;434;1815;2624;27;4;3
"CI300302";"D";"Comoe";"D6";"Grand-Bassam";"D602";"Bonoua";118388;27302;9965;4958;1852;3702;5676;1079;69;1
"CI300303";"D";"Comoe";"D6";"Grand-Bassam";"D603";"Grand-Bassam";124567;27232;8037;8706;4159;2418;3497;385;30;0
"CI300402";"D";"Comoe";"D7";"Tiapoum";"D701";"Noé";24651;4335;145;696;562;1677;1204;44;7;0
"CI300403";"D";"Comoe";"D7";"Tiapoum";"D702";"Nouamou";17403;2491;19;47;71;462;1829;62;1;0
"CI300401";"D";"Comoe";"D7";"Tiapoum";"D703";"Tiapoum";25887;4799;958;22;364;970;2091;344;50;0
"CI210101";"E";"Denguele";"E1";"Gbeleban";"E101";"Gbéléban";4507;797;341;163;42;47;195;9;0;0
"CI210102";"E";"Denguele";"E1";"Gbeleban";"E102";"Samango";17219;2680;1;0;23;211;2379;57;9;0
"CI210103";"E";"Denguele";"E1";"Gbeleban";"E103";"Seydougou";7806;1013;6;0;5;256;684;59;3;0
"CI210202";"E";"Denguele";"E2";"Madinani";"E201";"Fengolo";7462;693;70;0;2;299;322;0;0;0
"CI210201";"E";"Denguele";"E2";"Madinani";"E202";"Madinani";32751;3558;923;107;5;857;1384;254;7;21
"CI210203";"E";"Denguele";"E2";"Madinani";"E203";"N'Goloblasso";10035;930;1;1;4;211;689;24;0;0
"CI210302";"E";"Denguele";"E3";"Odienne";"E301";"Bako";28373;3767;31;228;163;872;2422;50;1;0
"CI210303";"E";"Denguele";"E3";"Odienne";"E302";"Bougousso";10151;1066;47;19;26;474;411;88;1;0
"CI210304";"E";"Denguele";"E3";"Odienne";"E303";"Dioulatiedougou";20285;3025;15;2;9;711;2166;116;6;0
"CI210301";"E";"Denguele";"E3";"Odienne";"E304";"Odienné";86279;20193;1861;851;2015;6977;6024;2433;30;2
"CI210305";"E";"Denguele";"E3";"Odienne";"E305";"Tiémé";11644;1986;558;150;28;490;691;65;4;0
"CI210402";"E";"Denguele";"E4";"Samatiguila";"E401";"Kimbirila Sud";11933;1686;6;0;150;582;943;5;0;0
"CI210401";"E";"Denguele";"E4";"Samatiguila";"E402";"Samatiguila";7777;1612;209;100;72;497;688;34;12;0
"CI210502";"E";"Denguele";"E5";"Séguélon";"E501";"Gbongaha";12372;1772;4;0;288;205;1273;2;0;0
"CI210501";"E";"Denguele";"E5";"Séguélon";"E502";"Séguélon";21213;3338;27;39;31;342;2656;241;2;0
"CI100101";"E";"Denguele";"E6";"Kaniasso";"E601";"Goulia";27121;2331;106;5;28;740;1302;148;2;0
"CI100102";"E";"Denguele";"E6";"Kaniasso";"E602";"Kaniasso";18639;2193;107;2;99;853;867;263;2;0
"CI100103";"E";"Denguele";"E6";"Kaniasso";"E603";"Mahandiana-Sokourani";38812;4035;130;74;56;1756;1764;251;4;0
"CI100202";"E";"Denguele";"E7";"Minignan";"E701";"Kimbirila-Nord";9415;1242;0;0;1;574;616;28;23;0
"CI100201";"E";"Denguele";"E7";"Minignan";"E702";"Minignan";24251;4292;390;167;269;2218;1078;167;3;0
"CI100203";"E";"Denguele";"E7";"Minignan";"E703";"Sokoro";8109;1586;2;8;6;763;636;171;0;0
"CI100204";"E";"Denguele";"E7";"Minignan";"E704";"Tienko";19862;2833;262;3;33;749;1693;93;0;0
"CI130101";"F";"Goh-Djiboua";"F1";"Gagnoa";"F101";"Bayota";54139;9022;202;400;302;2660;4920;530;8;0
"CI130102";"F";"Goh-Djiboua";"F1";"Gagnoa";"F102";"Dahiépa-Kéhi";20827;4261;1;0;5;1106;2474;571;104;0
"CI130103";"F";"Goh-Djiboua";"F1";"Gagnoa";"F103";"Dignago";35712;6233;150;351;464;1733;2904;613;18;0
"CI130104";"F";"Goh-Djiboua";"F1";"Gagnoa";"F104";"Dougroupalégnoa";58655;9609;6;9;124;4166;4552;515;237;0
"CI130105";"F";"Goh-Djiboua";"F1";"Gagnoa";"F105";"Doukouyo";18867;2869;0;0;5;1468;1298;98;0;0
"CI130106";"F";"Goh-Djiboua";"F1";"Gagnoa";"F106";"Gagnoa";277044;56063;3640;11701;3798;14201;16039;6388;290;6
"CI130107";"F";"Goh-Djiboua";"F1";"Gagnoa";"F107";"Galébouo";38550;7442;12;5;377;2081;4501;444;21;1
"CI130108";"F";"Goh-Djiboua";"F1";"Gagnoa";"F108";"Gnagbodougnoa";17196;3171;0;17;90;1461;1520;75;8;0
"CI130109";"F";"Goh-Djiboua";"F1";"Gagnoa";"F109";"Guiberoua";77669;14794;294;295;411;5785;7156;655;198;0
"CI130110";"F";"Goh-Djiboua";"F1";"Gagnoa";"F110";"Ouragahio";50150;9227;502;45;688;3214;4400;294;82;2
"CI130111";"F";"Goh-Djiboua";"F1";"Gagnoa";"F111";"Sérihio";46320;7537;12;17;73;2379;4601;287;168;0
"CI130112";"F";"Goh-Djiboua";"F1";"Gagnoa";"F112";"Yopohue";29367;4865;5;1;164;858;3475;345;17;0
"CI130202";"F";"Goh-Djiboua";"F2";"Oumé";"F201";"Diégonéfla";74076;14809;497;180;404;3355;8609;1744;20;0
"CI130203";"F";"Goh-Djiboua";"F2";"Oumé";"F202";"Guépahouo";28007;4427;1;2;19;1421;2654;318;12;0
"CI130201";"F";"Goh-Djiboua";"F2";"Oumé";"F203";"Oumé";127153;25028;5248;101;924;5600;10887;2237;30;1
"CI130204";"F";"Goh-Djiboua";"F2";"Oumé";"F204";"Tonla";31550;5192;18;2;98;1938;3028;95;13;0
"CI220101";"F";"Goh-Djiboua";"F3";"Divo";"F301";"Chiépo";26330;3809;2;1;15;745;2875;160;11;0
"CI220102";"F";"Goh-Djiboua";"F3";"Divo";"F302";"Didoko";34280;5510;1;3;30;1742;3370;350;14;0
"CI220103";"F";"Goh-Djiboua";"F3";"Divo";"F303";"Divo";294559;54662;6530;8770;4676;12693;17924;3915;152;2
"CI220104";"F";"Goh-Djiboua";"F3";"Divo";"F304";"Hiré";78139;16619;220;296;1065;5386;8010;1597;43;2
"CI220105";"F";"Goh-Djiboua";"F3";"Divo";"F305";"Nébo";32516;5602;0;0;66;1443;3938;152;3;0
"CI220106";"F";"Goh-Djiboua";"F3";"Divo";"F306";"Ogoudou";72586;13042;20;46;176;2828;9426;511;35;0
"CI220107";"F";"Goh-Djiboua";"F3";"Divo";"F307";"Zégo";33278;4421;4;2;26;1584;2466;330;9;0
"CI220202";"F";"Goh-Djiboua";"F4";"Guitry";"F401";"Dairo Didizo";59267;9164;1;5;133;3497;5228;127;173;0
"CI220201";"F";"Goh-Djiboua";"F4";"Guitry";"F402";"Guitry";79231;14257;1718;107;180;2121;9562;527;40;2
"CI220203";"F";"Goh-Djiboua";"F4";"Guitry";"F403";"Lauzoua";32024;5400;2;0;9;1286;4044;48;11;0
"CI220204";"F";"Goh-Djiboua";"F4";"Guitry";"F404";"Yocoboué";26713;4425;9;6;66;411;3762;162;9;0
"CI220302";"F";"Goh-Djiboua";"F5";"Lakota";"F501";"Djidji";16114;2884;0;1;36;530;2217;94;6;0
"CI220304";"F";"Goh-Djiboua";"F5";"Lakota";"F502";"Kadéko";19959;3002;0;1;9;439;2499;40;14;0
"CI220303";"F";"Goh-Djiboua";"F5";"Lakota";"F503";"Goudouko";32677;6722;0;0;31;1879;4654;126;32;0
"CI220301";"F";"Goh-Djiboua";"F5";"Lakota";"F504";"Lakota";169330;33968;1356;143;1664;9208;18548;2738;311;0
"CI220305";"F";"Goh-Djiboua";"F5";"Lakota";"F505";"Niambézaria";84303;14338;95;21;371;3186;9581;771;313;0
"CI220306";"F";"Goh-Djiboua";"F5";"Lakota";"F506";"Zikisso";11851;2260;2;2;13;242;1967;28;6;0
"CI060101";"G";"Lacs";"G1";"Didievi";"G101";"Boli";14006;2313;5;1;9;526;1753;18;1;0
"CI060102";"G";"Lacs";"G1";"Didievi";"G102";"Didievi";26500;4867;854;1;147;836;2125;899;5;0
"CI060103";"G";"Lacs";"G1";"Didievi";"G103";"Molonou-Blé";22431;3600;2;1;11;652;2817;115;2;0
"CI060104";"G";"Lacs";"G1";"Didievi";"G104";"Raviart";18339;2923;2;4;248;777;1730;152;10;0
"CI060105";"G";"Lacs";"G1";"Didievi";"G105";"Tie N'Diékro";12353;2158;1;60;7;992;999;95;4;0
"CI060201";"G";"Lacs";"G2";"Djekanou";"G201";"Bonikro";10337;2824;11;5;31;452;2138;179;8;0
"CI060202";"G";"Lacs";"G2";"Djekanou";"G202";"Djékanou";26944;5978;10;6;199;1351;4345;61;6;0
"CI060302";"G";"Lacs";"G3";"Tiébissou";"G301";"Lomokankro";14988;2578;0;0;7;480;2011;68;12;0
"CI060303";"G";"Lacs";"G3";"Tiébissou";"G302";"Molonou";23062;4647;1;1;3;541;4062;35;4;0
"CI060301";"G";"Lacs";"G3";"Tiébissou";"G303";"Tiébissou";65251;12465;1727;113;602;3076;6152;741;54;0
"CI060304";"G";"Lacs";"G3";"Tiébissou";"G304";"Yakpabo-Sakassou";13020;2475;1;1;117;250;2070;36;0;0
"CI060402";"G";"Lacs";"G4";"Toumodi";"G401";"Angoda";11819;2222;1;19;159;196;1551;292;4;0
"CI060403";"G";"Lacs";"G4";"Toumodi";"G402";"Kokoumbo";34575;6764;34;92;313;1839;3857;611;18;0
"CI060404";"G";"Lacs";"G4";"Toumodi";"G403";"Kpouèbo";33388;6758;10;17;148;881;5522;155;25;0
"CI060401";"G";"Lacs";"G4";"Toumodi";"G404";"Toumodi";88580;17809;1354;3313;2194;4025;5632;1187;83;21
"CI190103";"G";"Lacs";"G5";"Daoukro";"G501";"Daoukro";101136;23632;1366;2910;1693;4437;11265;1925;36;0
"CI190104";"G";"Lacs";"G5";"Daoukro";"G502";"Ettrokro";22963;3696;5;2;15;1198;2429;27;20;0
"CI190105";"G";"Lacs";"G5";"Daoukro";"G503";"N'Gattakro";11707;2800;7;0;15;1056;1516;201;5;0
"CI190107";"G";"Lacs";"G5";"Daoukro";"G504";"Samanza";12290;2093;1;2;2;309;1738;36;5;0
"CI190202";"G";"Lacs";"G6";"M'Bahiakro";"G601";"Bonguéra";18301;2799;2;0;10;540;2230;15;2;0
"CI190203";"G";"Lacs";"G6";"M'Bahiakro";"G602";"Kondossou";10311;1901;1;1;0;383;1469;40;1;6
"CI190201";"G";"Lacs";"G6";"M'Bahiakro";"G603";"M'Bahiakro";49758;9904;2441;58;55;954;5711;646;39;0
"CI190101";"G";"Lacs";"G7";"Ouellé";"G701";"Akpassanou";5693;1082;0;0;0;196;756;130;0;0
"CI190102";"G";"Lacs";"G7";"Ouellé";"G702";"Ananda";13166;2304;1;2;59;315;1708;156;63;0
"CI190106";"G";"Lacs";"G7";"Ouellé";"G703";"Ouellé";37641;8675;74;99;764;1159;5431;1095;53;0
"CI190302";"G";"Lacs";"G8";"Prikro";"G801";"Anianou";7956;1032;2;4;10;435;554;26;1;0
"CI190303";"G";"Lacs";"G8";"Prikro";"G802";"Famienkro";17163;2372;6;0;5;635;1678;42;6;0
"CI190304";"G";"Lacs";"G8";"Prikro";"G803";"Koffi-Amonkro";12933;2165;0;1;221;522;1180;238;3;0
"CI190305";"G";"Lacs";"G8";"Prikro";"G804";"Nafana";13667;2179;0;0;12;222;1916;26;2;1
"CI190301";"G";"Lacs";"G8";"Prikro";"G805";"Prikro";43875;7782;298;10;360;2296;4376;428;12;2
"CI270101";"G";"Lacs";"G9";"Bocanda";"G901";"Bengassou";24655;4078;9;2;58;607;3223;156;23;0
"CI270102";"G";"Lacs";"G9";"Bocanda";"G902";"Bocanda";59242;10525;1812;18;234;1220;6406;807;28;0
"CI270103";"G";"Lacs";"G9";"Bocanda";"G903";"Kouadioblékro";20455;3226;7;6;315;531;2259;99;9;0
"CI270104";"G";"Lacs";"G9";"Bocanda";"G904";"N'Zécrezessou";17118;3223;0;0;35;368;2630;172;18;0
"CI270201";"G";"Lacs";"GA";"Dimbokro";"GA01";"Abigui";8665;1558;2;0;3;147;1181;224;1;0
"CI270202";"G";"Lacs";"GA";"Dimbokro";"GA02";"Diangokro";16135;4072;5;1;13;516;3407;115;15;0
"CI270203";"G";"Lacs";"GA";"Dimbokro";"GA03";"Dimbokro";70198;15377;2790;1072;1661;4378;4027;1394;42;13
"CI270204";"G";"Lacs";"GA";"Dimbokro";"GA04";"Nofou";7194;1516;0;0;252;155;1032;74;3;0
"CI270301";"G";"Lacs";"GB";"Kouassi-Kouassikro";"GB01";"Kouassi-Kouassikro";24421;3977;15;214;44;385;3266;37;16;0
"CI270302";"G";"Lacs";"GB";"Kouassi-Kouassikro";"GB02";"Mékro";6541;1073;0;0;0;9;1057;6;1;0
"CI250101";"G";"Lacs";"GC";"Arrah";"GC01";"Arrah";45625;9762;5969;62;234;1224;2141;130;1;1
"CI250102";"G";"Lacs";"GC";"Arrah";"GC02";"Kotobi";37595;7538;216;283;692;2213;3380;725;27;2
"CI250103";"G";"Lacs";"GC";"Arrah";"GC03";"Krégbé";20626;3898;22;30;341;553;2445;503;3;1
"CI250201";"G";"Lacs";"GD";"Bongouanou";"GD01";"Andé";58287;13387;258;72;786;2917;8331;997;26;0
"CI250202";"G";"Lacs";"GD";"Bongouanou";"GD02";"Assié-Koumassi";21962;3338;7;2;18;826;2190;285;10;0
"CI250203";"G";"Lacs";"GD";"Bongouanou";"GD03";"Bongouanou";74281;16585;2971;652;1025;4710;6565;624;36;2
"CI250204";"G";"Lacs";"GD";"Bongouanou";"GD04";"N'Guessankro";38629;7130;343;18;171;498;5860;230;10;0
"CI250302";"G";"Lacs";"GE";"M'Batto";"GE01";"Anoumaba";22572;3925;478;21;15;1177;2191;41;2;0
"CI250303";"G";"Lacs";"GE";"M'Batto";"GE02";"Assahara";11495;1856;24;1;192;664;951;21;1;2
"CI250301";"G";"Lacs";"GE";"M'Batto";"GE03";"M'Batto";76129;12338;2819;102;533;3334;4964;550;34;2
"CI250304";"G";"Lacs";"GE";"M'Batto";"GE04";"Tiémélékro";32554;6668;55;4;7;2784;3593;218;7;0
"CI150101";"H";"Lagunes";"H1";"Dabou";"H101";"Dabou";138083;29086;4420;5159;2302;7539;8111;1496;58;1
"CI150102";"H";"Lagunes";"H1";"Dabou";"H102";"Lopou";35286;7491;191;96;361;1410;5057;323;53;0
"CI150103";"H";"Lagunes";"H1";"Dabou";"H103";"Toupah";40212;9205;32;830;838;1414;5397;525;169;0
"CI150201";"H";"Lagunes";"H2";"Grand-Lahou";"H201";"Ahouanou";33939;5895;21;3;35;1408;4130;190;108;0
"CI150202";"H";"Lagunes";"H2";"Grand-Lahou";"H202";"Bacanda";22926;3648;2;5;55;1373;2070;103;40;0
"CI150203";"H";"Lagunes";"H2";"Grand-Lahou";"H203";"Ebonou";18552;3543;1;1;9;365;2731;417;19;0
"CI150204";"H";"Lagunes";"H2";"Grand-Lahou";"H204";"Grand Lahou";77479;15533;2054;198;587;2804;8505;1138;247;0
"CI150205";"H";"Lagunes";"H2";"Grand-Lahou";"H205";"Toukouzou";2935;648;2;0;0;104;343;191;8;0
"CI150302";"H";"Lagunes";"H3";"Jacqueville";"H301";"Attoutou";30899;6784;130;48;633;1278;4406;269;20;0
"CI150301";"H";"Lagunes";"H3";"Jacqueville";"H302";"Jacqueville";49694;11327;984;403;465;2072;6779;443;181;0
"CI030101";"H";"Lagunes";"H4";"Agboville";"H401";"Aboudé";28315;4129;5;58;457;913;2441;217;37;1
"CI030103";"H";"Lagunes";"H4";"Agboville";"H402";"Ananguié";18311;2805;32;6;111;1067;1498;88;3;0
"CI030102";"H";"Lagunes";"H4";"Agboville";"H403";"Agboville";135082;27333;1363;3419;3033;7368;9696;2416;38;0
"CI030104";"H";"Lagunes";"H4";"Agboville";"H404";"Attobrou";25972;4008;9;17;38;1196;2527;190;31;0
"CI030105";"H";"Lagunes";"H4";"Agboville";"H405";"Azaguié";38066;8761;2261;410;218;2079;3456;321;16;0
"CI030106";"H";"Lagunes";"H4";"Agboville";"H406";"Cechi";25967;3951;18;8;19;1230;2567;107;2;0
"CI030107";"H";"Lagunes";"H4";"Agboville";"H407";"Grand-Morié";25302;4026;8;31;294;1109;2536;41;7;0
"CI030108";"H";"Lagunes";"H4";"Agboville";"H408";"Guessiguié";26167;4585;0;5;68;943;3529;26;14;0
"CI030109";"H";"Lagunes";"H4";"Agboville";"H409";"Loviguié";19771;3445;4;1;215;1652;1545;22;6;0
"CI030110";"H";"Lagunes";"H4";"Agboville";"H410";"Oress-Krobou";8611;1277;0;1;11;852;378;32;3;0
"CI030111";"H";"Lagunes";"H4";"Agboville";"H411";"Rubino";32775;5811;626;47;218;1924;2626;332;38;0
"CI030202";"H";"Lagunes";"H5";"Sikensi";"H501";"Gomon";34865;5795;12;7;937;1623;3122;86;8;0
"CI030201";"H";"Lagunes";"H5";"Sikensi";"H502";"Sikensi";91032;16715;1816;1882;2576;3286;6593;520;42;0
"CI030302";"H";"Lagunes";"H6";"Taabo";"H601";"Pacobo";19572;4269;175;128;56;296;3572;36;6;0
"CI030301";"H";"Lagunes";"H6";"Taabo";"H602";"Taabo";57189;10485;754;239;385;2811;5769;396;131;0
"CI030402";"H";"Lagunes";"H7";"Tiassalé";"H701";"Gbolouville";42476;6430;20;19;439;1788;3921;197;41;5
"CI030403";"H";"Lagunes";"H7";"Tiassalé";"H702";"Morokro";55636;8158;127;21;257;2070;5212;286;178;7
"CI030404";"H";"Lagunes";"H7";"Tiassalé";"H703";"N'Douci";97194;17644;1460;624;1405;5780;7699;623;52;1
"CI030401";"H";"Lagunes";"H7";"Tiassalé";"H704";"Tiassalé";83648;19135;5046;560;157;3278;9120;929;27;18
"CI240101";"H";"Lagunes";"H8";"Adzopé";"H801";"Adzopé";156488;25668;1204;1637;5872;9322;6751;695;187;0
"CI240102";"H";"Lagunes";"H8";"Adzopé";"H802";"Agou";31091;4555;18;178;698;1404;2116;128;13;0
"CI240103";"H";"Lagunes";"H8";"Adzopé";"H803";"Annepé";25367;2721;6;3;200;1181;1293;32;5;1
"CI240104";"H";"Lagunes";"H8";"Adzopé";"H804";"Assikoi";20899;2566;144;49;480;690;1100;99;4;0
"CI240105";"H";"Lagunes";"H8";"Adzopé";"H805";"Bécédi-Brignan";22614;2750;3;29;501;924;1164;124;5;0
"CI240106";"H";"Lagunes";"H8";"Adzopé";"H806";"Yakassé-Mé";27268;3668;24;259;255;1501;1593;31;5;0
"CI240201";"H";"Lagunes";"H9";"Akoupé";"H901";"Afféry";47109;7391;789;52;965;2232;2937;390;25;1
"CI240202";"H";"Lagunes";"H9";"Akoupé";"H902";"Akoupé";79065;11500;957;113;1658;3760;4641;348;23;0
"CI240203";"H";"Lagunes";"H9";"Akoupé";"H903";"Bécouéfin";30525;5066;167;291;588;1679;2146;169;26;0
"CI240301";"H";"Lagunes";"HA";"Alépé";"HA01";"Aboisso-Comoé";33471;4074;116;3;91;870;2816;151;27;0
"CI240302";"H";"Lagunes";"HA";"Alépé";"HA02";"Alépé";60468;11141;150;160;1917;2689;5773;318;134;0
"CI240303";"H";"Lagunes";"HA";"Alépé";"HA03";"Allosso";13860;2195;1;0;19;1079;1082;5;9;0
"CI240304";"H";"Lagunes";"HA";"Alépé";"HA04";"Danguira";55413;8351;51;79;524;2117;5477;79;24;0
"CI240305";"H";"Lagunes";"HA";"Alépé";"HA05";"Oghlwapo";17041;3154;86;8;432;685;1874;65;4;0
"CI240402";"H";"Lagunes";"HB";"Yakassé-Attobrou";"HB01";"Abongoua";17497;2208;3;2;94;638;1443;14;3;11
"CI240403";"H";"Lagunes";"HB";"Yakassé-Attobrou";"HB02";"Biéby";24178;3037;61;8;426;693;1780;27;41;1
"CI240401";"H";"Lagunes";"HB";"Yakassé-Attobrou";"HB03";"Yakasse-Attobrou";64311;7999;458;451;751;1487;4691;150;9;2
"CI320101";"I";"Montagnes";"I1";"Biankouma";"I101";"Biankouma";71470;14505;1384;258;982;3132;7912;767;68;2
"CI320102";"I";"Montagnes";"I1";"Biankouma";"I102";"Blapleu";25371;5150;19;2;328;1808;2821;137;22;13
"CI320103";"I";"Montagnes";"I1";"Biankouma";"I103";"Gbangbégouiné";4132;1256;0;0;0;224;1014;16;2;0
"CI320104";"I";"Montagnes";"I1";"Biankouma";"I104";"Gbonné";54809;10246;394;19;97;3793;5385;505;52;1
"CI320105";"I";"Montagnes";"I1";"Biankouma";"I105";"Gouiné";21835;4582;24;2;26;1016;3417;67;30;0
"CI320106";"I";"Montagnes";"I1";"Biankouma";"I106";"Kpata";9278;2127;7;0;164;806;1134;15;1;0
"CI320107";"I";"Montagnes";"I1";"Biankouma";"I107";"Santa";51819;10161;26;3;158;1343;8381;206;44;0
"CI320201";"I";"Montagnes";"I2";"Danané";"I201";"Daleu";56653;10998;0;1;64;1532;9110;202;89;0
"CI320202";"I";"Montagnes";"I2";"Danané";"I202";"Danané";131586;26004;564;1078;1842;9600;11142;1672;106;0
"CI320203";"I";"Montagnes";"I2";"Danané";"I203";"Gbon-Houyé";19090;3522;1;0;14;868;2554;51;18;16
"CI320204";"I";"Montagnes";"I2";"Danané";"I204";"Kouan-Houlé";36769;7056;2;3;7;1728;5046;241;29;0
"CI320205";"I";"Montagnes";"I2";"Danané";"I205";"Mahapleu";66898;13396;42;76;547;4118;8157;378;77;1
"CI320206";"I";"Montagnes";"I2";"Danané";"I206";"Seileu";23525;4083;25;139;16;1862;1920;119;1;1
"CI320207";"I";"Montagnes";"I2";"Danané";"I207";"Zonneu";29491;5137;1;0;12;2677;2181;251;15;0
"CI320302";"I";"Montagnes";"I3";"Man";"I301";"Bogouiné";21096;4021;24;6;121;911;2675;276;7;1
"CI320303";"I";"Montagnes";"I3";"Man";"I302";"Fagnampleu";3149;707;1;0;0;94;484;124;4;0
"CI320304";"I";"Montagnes";"I3";"Man";"I303";"Gbangbegouiné-Yati";25660;4960;5;0;230;1252;3030;408;35;0
"CI320305";"I";"Montagnes";"I3";"Man";"I304";"Logoualé";32854;6352;79;10;703;1672;3535;335;18;0
"CI320301";"I";"Montagnes";"I3";"Man";"I305";"Man";241969;49052;2832;6178;8002;12586;14407;4780;265;2
"CI320306";"I";"Montagnes";"I3";"Man";"I306";"Podiagouiné";32607;6319;6;25;53;1214;4617;378;26;0
"CI320307";"I";"Montagnes";"I3";"Man";"I307";"Sandougou-Soba";7347;1860;0;0;77;483;1207;57;36;0
"CI320308";"I";"Montagnes";"I3";"Man";"I308";"Sangouiné";63521;12048;260;56;916;3767;6287;632;129;1
"CI320309";"I";"Montagnes";"I3";"Man";"I309";"Yapleu";11145;2000;2;0;65;573;1181;161;18;0
"CI320310";"I";"Montagnes";"I3";"Man";"I310";"Zagoué";5822;1497;0;0;13;349;932;187;16;0
"CI320311";"I";"Montagnes";"I3";"Man";"I311";"Ziogouiné";15966;2880;0;2;124;677;1946;116;15;0
"CI320401";"I";"Montagnes";"I4";"Sipilou";"I401";"Sipilou";41516;7826;571;25;71;1200;5826;122;11;0
"CI320402";"I";"Montagnes";"I4";"Sipilou";"I402";"Yorodougou";31593;6935;22;14;334;1075;5179;127;184;0
"CI320502";"I";"Montagnes";"I5";"Zouan-Hounien";"I501";"Banneu";20393;3271;1;1;22;1310;1645;253;39;0
"CI320503";"I";"Montagnes";"I5";"Zouan-Hounien";"I502";"Bin-Houyé";30796;5080;34;36;219;1423;2961;374;33;0
"CI320504";"I";"Montagnes";"I5";"Zouan-Hounien";"I503";"Goulaleu";30250;4961;51;1;40;1474;3012;357;26;0
"CI320505";"I";"Montagnes";"I5";"Zouan-Hounien";"I504";"Téapleu";42814;7351;1;11;231;2336;4297;410;65;0
"CI320506";"I";"Montagnes";"I5";"Zouan-Hounien";"I505";"Yelleu";15586;2516;6;0;41;800;1347;311;11;0
"CI320501";"I";"Montagnes";"I5";"Zouan-Hounien";"I506";"Zouan Hounien";111099;20792;410;197;2305;5104;10513;2172;90;1
"CI090101";"I";"Montagnes";"I6";"Bloléquin";"I601";"Bloléquin";123133;24448;695;68;1078;7135;12750;2025;696;1
"CI090102";"I";"Montagnes";"I6";"Bloléquin";"I602";"Diboké";24758;5467;1;3;510;1596;2398;493;466;0
"CI090103";"I";"Montagnes";"I6";"Bloléquin";"I603";"Doké";35677;7767;57;5;74;2104;4684;542;301;0
"CI090104";"I";"Montagnes";"I6";"Bloléquin";"I604";"Tinhou";22744;4769;14;3;165;1724;2412;371;58;22
"CI090105";"I";"Montagnes";"I6";"Bloléquin";"I605";"Zéaglo";31631;6559;7;1;81;1956;3407;988;119;0
"CI090202";"I";"Montagnes";"I7";"Guiglo";"I701";"Bédi-Gaozon";26618;5286;2;4;27;1054;3158;996;45;0
"CI090201";"I";"Montagnes";"I7";"Guiglo";"I702";"Guiglo";171454;31791;1528;827;3096;8802;13788;2984;766;0
"CI090203";"I";"Montagnes";"I7";"Guiglo";"I703";"Kaadé";39413;7015;1;2;172;2151;4179;234;276;0
"CI090204";"I";"Montagnes";"I7";"Guiglo";"I704";"Nizahon";21897;3237;2;18;95;767;1861;461;33;0
"CI090301";"I";"Montagnes";"I8";"Taï";"I801";"Taï";42909;9238;514;174;260;4204;3653;355;78;0
"CI090302";"I";"Montagnes";"I8";"Taï";"I802";"Zagné";74478;15876;668;525;704;4294;8403;1057;224;1
"CI090402";"I";"Montagnes";"I9";"Toulepleu";"I901";"Bakoubly";7186;1537;2;0;4;276;1171;69;15;0
"CI090403";"I";"Montagnes";"I9";"Toulepleu";"I902";"Méo";22012;4719;247;5;199;848;3211;199;10;0
"CI090404";"I";"Montagnes";"I9";"Toulepleu";"I903";"Nézobly";9300;1130;6;2;0;274;824;21;3;0
"CI090405";"I";"Montagnes";"I9";"Toulepleu";"I904";"Péhé";17609;3227;1;0;296;480;2395;40;15;0
"CI090406";"I";"Montagnes";"I9";"Toulepleu";"I905";"Tiobly";9742;1807;1;3;2;369;1418;13;1;0
"CI090401";"I";"Montagnes";"I9";"Toulepleu";"I906";"Toulepleu";27680;5671;50;65;315;998;3890;326;27;0
"CI160101";"I";"Montagnes";"IA";"Bangolo";"IA01";"Bangolo";56415;12169;10;38;387;2961;7771;771;231;0
"CI160102";"I";"Montagnes";"IA";"Bangolo";"IA02";"Béoué-Zibiao";18297;3585;24;5;145;1337;1979;82;12;1
"CI160103";"I";"Montagnes";"IA";"Bangolo";"IA03";"Bléniméouin";18593;2754;150;2;155;650;1553;235;9;0
"CI160104";"I";"Montagnes";"IA";"Bangolo";"IA04";"Diéouzon";18316;3472;186;33;84;861;1961;247;100;0
"CI160105";"I";"Montagnes";"IA";"Bangolo";"IA05";"Gohouo-Zagna";15564;2290;80;0;42;725;1380;59;3;1
"CI160106";"I";"Montagnes";"IA";"Bangolo";"IA06";"Guinglo-Tahouaké";17999;3268;0;0;8;896;2301;48;15;0
"CI160107";"I";"Montagnes";"IA";"Bangolo";"IA07";"Kahin-Zarabaon";59759;10211;9;10;83;3541;6231;226;111;0
"CI160108";"I";"Montagnes";"IA";"Bangolo";"IA08";"Zéo";12822;2641;2;2;136;445;1908;140;8;0
"CI160109";"I";"Montagnes";"IA";"Bangolo";"IA09";"Zou";52864;8820;4;3;98;2624;5580;210;298;3
"CI160201";"I";"Montagnes";"IB";"Duékoué";"IB01";"Bagohouo";30001;4921;0;4;219;1152;3437;92;16;1
"CI160202";"I";"Montagnes";"IB";"Duékoué";"IB02";"Duékoué";220953;43377;2410;4134;2720;14212;16106;3574;212;9
"CI160203";"I";"Montagnes";"IB";"Duékoué";"IB03";"Gbapleu";60833;9211;11;6;77;2303;5710;953;151;0
"CI160204";"I";"Montagnes";"IB";"Duékoué";"IB04";"Guéhiébly";52689;8583;2;11;176;3272;4167;679;258;18
"CI160205";"I";"Montagnes";"IB";"Duékoué";"IB05";"Guézon";56435;9198;98;154;443;3318;4490;662;33;0
"CI160301";"I";"Montagnes";"IC";"Facobly";"IC01";"Facobly";27352;5052;21;38;243;725;3688;324;12;1
"CI160302";"I";"Montagnes";"IC";"Facobly";"IC02";"Guézon";10208;1790;22;13;62;267;1146;271;9;0
"CI160303";"I";"Montagnes";"IC";"Facobly";"IC03";"Koua";11892;2017;0;0;10;559;1363;79;6;0
"CI160304";"I";"Montagnes";"IC";"Facobly";"IC04";"Sémien";35636;5440;1;125;159;1152;3571;404;27;1
"CI160305";"I";"Montagnes";"IC";"Facobly";"IC05";"Tiény-Séably";9522;1816;0;0;31;496;1193;79;17;0
"CI160401";"I";"Montagnes";"ID";"Kouibly";"ID01";"Kouibly";49047;7619;24;19;315;2430;4573;229;29;0
"CI160402";"I";"Montagnes";"ID";"Kouibly";"ID02";"Nidrou";12953;2927;4;3;264;409;1933;270;44;0
"CI160403";"I";"Montagnes";"ID";"Kouibly";"ID03";"Ouyably-Gnondrou";61786;8616;91;22;123;2637;5410;291;39;3
"CI160404";"I";"Montagnes";"ID";"Kouibly";"ID04";"Totrodrou";20936;4125;13;94;594;1345;1840;222;17;0
"CI180101";"J";"Sassandra-Marahoue";"J1";"Daloa";"J101";"Bédiala";84474;12125;51;51;618;4238;6941;209;17;0
"CI180102";"J";"Sassandra-Marahoue";"J1";"Daloa";"J102";"Daloa";421879;80584;27972;12811;6264;8721;18900;5415;497;4
"CI180103";"J";"Sassandra-Marahoue";"J1";"Daloa";"J103";"Gadouan";62056;9546;49;15;438;3962;3902;1163;17;0
"CI180104";"J";"Sassandra-Marahoue";"J1";"Daloa";"J104";"Gboguhé";69020;11154;18;8;156;3564;6419;870;118;1
"CI180105";"J";"Sassandra-Marahoue";"J1";"Daloa";"J105";"Gonaté";44611;7198;9;167;47;2330;3728;895;22;0
"CI180106";"J";"Sassandra-Marahoue";"J1";"Daloa";"J106";"Zaibo";23338;3632;0;2;63;802;2676;70;19;0
"CI180202";"J";"Sassandra-Marahoue";"J2";"Issia";"J201";"Boguédia";26336;4466;25;9;196;1008;2820;383;24;1
"CI180203";"J";"Sassandra-Marahoue";"J2";"Issia";"J202";"Iboguhé";56481;9181;15;32;90;2191;6485;343;24;1
"CI180201";"J";"Sassandra-Marahoue";"J2";"Issia";"J203";"Issia";126252;23248;5849;610;1586;5871;8034;1226;71;1
"CI180204";"J";"Sassandra-Marahoue";"J2";"Issia";"J204";"Nahio";22943;4223;84;9;431;930;2703;65;1;0
"CI180205";"J";"Sassandra-Marahoue";"J2";"Issia";"J205";"Namané";44527;7486;0;4;247;1278;5543;251;163;0
"CI180206";"J";"Sassandra-Marahoue";"J2";"Issia";"J206";"Saïoua";100085;17517;484;573;377;5786;9517;664;35;81
"CI180207";"J";"Sassandra-Marahoue";"J2";"Issia";"J207";"Tapéguia";34004;5666;8;1;171;1085;3821;568;12;0
"CI180302";"J";"Sassandra-Marahoue";"J3";"Vavoua";"J301";"Bazra-Nattis";67048;8326;50;13;47;1817;5675;650;43;31
"CI180303";"J";"Sassandra-Marahoue";"J3";"Vavoua";"J302";"Dananon";36746;4679;1;0;6;985;3431;237;19;0
"CI180304";"J";"Sassandra-Marahoue";"J3";"Vavoua";"J303";"Dania";106612;14938;136;174;206;3571;9979;803;59;10
"CI180305";"J";"Sassandra-Marahoue";"J3";"Vavoua";"J304";"Kétro-Bassam";24968;3062;1;0;6;170;2764;96;25;0
"CI180306";"J";"Sassandra-Marahoue";"J3";"Vavoua";"J305";"Seitifla";109252;14250;43;12;168;3091;9838;1045;53;0
"CI180301";"J";"Sassandra-Marahoue";"J3";"Vavoua";"J306";"Vavoua";132528;21222;1847;682;1092;5236;10488;1707;170;0
"CI180402";"J";"Sassandra-Marahoue";"J4";"Zoukougbeu";"J401";"Domangbeu";18183;2750;1;11;48;600;2036;40;14;0
"CI180403";"J";"Sassandra-Marahoue";"J4";"Zoukougbeu";"J402";"Grégbeu";26505;4702;14;1;59;1090;3182;289;67;0
"CI180404";"J";"Sassandra-Marahoue";"J4";"Zoukougbeu";"J403";"Guéssabo";41931;7099;81;232;129;1604;4688;311;51;3
"CI180401";"J";"Sassandra-Marahoue";"J4";"Zoukougbeu";"J404";"Zoukougbeu";59918;10448;1055;97;399;2912;5130;712;143;0
"CI230102";"J";"Sassandra-Marahoue";"J5";"Bonon";"J501";"Bonon";116871;18735;279;54;703;8303;8396;893;105;2
"CI230107";"J";"Sassandra-Marahoue";"J5";"Bonon";"J502";"Zaguiéta";50525;6731;22;24;181;1697;4560;217;30;0
"CI230101";"J";"Sassandra-Marahoue";"J6";"Bouaflé";"J601";"Bégbéssou";24476;5519;18;254;130;952;3679;394;92;0
"CI230103";"J";"Sassandra-Marahoue";"J6";"Bouaflé";"J602";"Bouaflé";213967;45210;2489;2276;2890;12231;21911;3328;85;0
"CI230104";"J";"Sassandra-Marahoue";"J6";"Bouaflé";"J603";"N'Douffoukankro";20025;3575;51;2;181;894;2351;94;2;0
"CI230105";"J";"Sassandra-Marahoue";"J6";"Bouaflé";"J604";"Pakouabo";19597;4411;7;8;186;521;3623;64;2;0
"CI230106";"J";"Sassandra-Marahoue";"J6";"Bouaflé";"J605";"Tibéita";22239;4301;12;22;60;466;3369;352;20;0
"CI230302";"J";"Sassandra-Marahoue";"J7";"Gohitafla";"J701";"Gohitafla";46470;6249;101;138;570;1895;3205;330;8;2
"CI230303";"J";"Sassandra-Marahoue";"J7";"Gohitafla";"J702";"Iriéfla";8406;1107;0;0;2;430;645;27;3;0
"CI230305";"J";"Sassandra-Marahoue";"J7";"Gohitafla";"J703";"Maminigui";28495;4012;53;58;32;978;2870;17;3;1
"CI230202";"J";"Sassandra-Marahoue";"J8";"Sinfra";"J801";"Bazré";30562;5277;9;0;216;1239;3297;400;116;0
"CI230203";"J";"Sassandra-Marahoue";"J8";"Sinfra";"J802";"Kononfla";55427;10195;19;27;716;3497;5359;418;159;0
"CI230204";"J";"Sassandra-Marahoue";"J8";"Sinfra";"J803";"Kouétinfla";22028;4871;6;0;17;2337;2100;398;13;0
"CI230201";"J";"Sassandra-Marahoue";"J8";"Sinfra";"J804";"Sinfra";137210;24635;3357;1093;629;8536;8552;2422;45;1
"CI230304";"J";"Sassandra-Marahoue";"J9";"Zuénoula";"J901";"Kanzra";36674;5605;1;0;13;639;4789;158;5;0
"CI230306";"J";"Sassandra-Marahoue";"J9";"Zuénoula";"J902";"Voueboufla";25213;4779;2;0;2;536;4201;36;2;0
"CI230307";"J";"Sassandra-Marahoue";"J9";"Zuénoula";"J903";"Zanzra";44381;7278;779;594;1176;749;3526;429;25;0
"CI230301";"J";"Sassandra-Marahoue";"J9";"Zuénoula";"J904";"Zuénoula";78613;14815;2049;1020;778;2783;7334;819;31;1
"CI280101";"K";"Savanes";"K1";"Dikodougou";"K101";"Boron";34308;4587;4;3;140;1433;2728;253;26;0
"CI280102";"K";"Savanes";"K1";"Dikodougou";"K102";"Dikodougou";47935;7362;28;12;144;2716;3519;918;25;0
"CI280103";"K";"Savanes";"K1";"Dikodougou";"K103";"Guiembé";19872;3195;73;7;10;750;1266;1050;39;0
"CI280202";"K";"Savanes";"K2";"Korhogo";"K201";"Dassoungboho";8703;1381;5;1;2;437;838;94;4;0
"CI280203";"K";"Savanes";"K2";"Korhogo";"K202";"Kanoroba";24548;3436;217;4;29;1887;1128;171;0;0
"CI280204";"K";"Savanes";"K2";"Korhogo";"K203";"Karakoro";22982;3498;201;20;112;864;1404;731;166;0
"CI280205";"K";"Savanes";"K2";"Korhogo";"K204";"Kiémou";31958;5822;31;382;52;838;3310;1199;10;0
"CI280206";"K";"Savanes";"K2";"Korhogo";"K205";"Kombolokoura";8930;1776;0;2;3;1263;386;120;2;0
"CI280207";"K";"Savanes";"K2";"Korhogo";"K206";"Komborodougou";16703;2810;6;129;41;840;1271;504;19;0
"CI280208";"K";"Savanes";"K2";"Korhogo";"K207";"Koni";17054;2699;2;24;35;982;857;786;13;0
"CI280201";"K";"Savanes";"K2";"Korhogo";"K208";"Korhogo";440926;81738;14043;16215;10236;13911;13331;13871;129;2
"CI280209";"K";"Savanes";"K2";"Korhogo";"K209";"Lataha";26895;4516;1;1;76;1206;2326;885;21;0
"CI280211";"K";"Savanes";"K2";"Korhogo";"K210";"Nafoun";10206;1442;1;9;26;660;524;221;1;0
"CI280212";"K";"Savanes";"K2";"Korhogo";"K211";"Napiéléodougou";31004;6429;255;371;166;1340;3109;1155;33;0
"CI280210";"K";"Savanes";"K2";"Korhogo";"K212";"N'Ganon";9181;1767;0;0;4;500;916;343;4;0
"CI280213";"K";"Savanes";"K2";"Korhogo";"K213";"Niofoin";36772;6844;16;6;10;2574;3453;758;26;1
"CI280214";"K";"Savanes";"K2";"Korhogo";"K214";"Sirasso";29633;4495;4;9;29;2400;1552;497;3;1
"CI280215";"K";"Savanes";"K2";"Korhogo";"K215";"Sohouo";11434;1907;0;3;5;232;1267;397;3;0
"CI280216";"K";"Savanes";"K2";"Korhogo";"K216";"Tioroniaradougou";21464;3424;11;3;229;921;1475;742;43;0
"CI280302";"K";"Savanes";"K3";"M'Bengué";"K301";"Bougou";16369;1667;0;1;50;162;945;469;40;0
"CI280303";"K";"Savanes";"K3";"M'Bengué";"K302";"Katiali";13074;1810;1;2;8;352;861;564;22;0
"CI280304";"K";"Savanes";"K3";"M'Bengué";"K303";"Katogo";19749;2912;3;108;26;237;1986;542;10;0
"CI280301";"K";"Savanes";"K3";"M'Bengué";"K304";"M'Bengué";65779;11963;619;283;478;2663;5587;2141;175;17
"CI280402";"K";"Savanes";"K4";"Sinématiali";"K401";"Bahouakaha";6300;1066;0;0;24;282;610;126;19;5
"CI280403";"K";"Savanes";"K4";"Sinématiali";"K402";"Kagbolodougou";10153;1783;9;1;7;465;913;372;16;0
"CI280404";"K";"Savanes";"K4";"Sinématiali";"K403";"Sédiogo";6600;1181;6;6;34;322;640;173;0;0
"CI280401";"K";"Savanes";"K4";"Sinématiali";"K404";"Sinématiali";51929;8663;384;309;291;1969;3968;1575;167;0
"CI310101";"K";"Savanes";"K5";"Ferkessédougou";"K501";"Ferkéssédougou";160267;29865;3314;2365;2595;7011;10211;4323;46;0
"CI310102";"K";"Savanes";"K5";"Ferkessédougou";"K502";"Koumbala";14531;2085;13;2;28;517;1452;72;1;0
"CI310103";"K";"Savanes";"K5";"Ferkessédougou";"K503";"Togoniéré";15342;2487;0;1;16;754;1527;184;5;0
"CI310202";"K";"Savanes";"K6";"Kong";"K601";"Bilimono";28740;4072;1;2;24;861;3124;36;24;0
"CI310201";"K";"Savanes";"K6";"Kong";"K602";"Kong";33391;5917;1738;29;44;395;3522;187;2;0
"CI310203";"K";"Savanes";"K6";"Kong";"K603";"Nafana";28439;4032;4;1;5;429;3424;168;1;0
"CI310204";"K";"Savanes";"K6";"Kong";"K604";"Sikolo";27733;5371;10;26;12;234;4095;989;5;0
"CI310302";"K";"Savanes";"K7";"Ouangolodougou";"K701";"Diawala";85334;8067;616;139;493;3021;2895;821;82;0
"CI310303";"K";"Savanes";"K7";"Ouangolodougou";"K702";"Kaouara";33558;4142;15;77;25;804;2643;549;29;0
"CI310304";"K";"Savanes";"K7";"Ouangolodougou";"K703";"Niellé";48524;5501;456;26;115;1465;2902;511;26;0
"CI310301";"K";"Savanes";"K7";"Ouangolodougou";"K704";"Ouangolodougou";82801;13218;1706;2875;438;1997;4428;1691;60;23
"CI310305";"K";"Savanes";"K7";"Ouangolodougou";"K705";"Toumoukoro";44423;4959;38;34;374;1995;1605;782;130;1
"CI050101";"K";"Savanes";"K8";"Boundiali";"K801";"Baya";16715;2019;2;11;65;1074;704;156;7;0
"CI050102";"K";"Savanes";"K8";"Boundiali";"K802";"Boundiali";92792;13905;741;1878;835;5231;2940;2249;31;0
"CI050103";"K";"Savanes";"K8";"Boundiali";"K803";"Ganaoni";25216;3676;13;1;178;1014;2230;238;2;0
"CI050104";"K";"Savanes";"K8";"Boundiali";"K804";"Kasséré";39106;5711;79;137;132;2281;2078;930;74;0
"CI050105";"K";"Savanes";"K8";"Boundiali";"K805";"Siempurgo";24713;4102;80;106;168;1630;1694;421;3;0
"CI050202";"K";"Savanes";"K9";"Kouto";"K901";"Blességué";21345;2364;2;5;15;1002;1088;207;45;0
"CI050203";"K";"Savanes";"K9";"Kouto";"K902";"Gbon";32189;2819;8;25;46;1857;499;380;4;0
"CI050204";"K";"Savanes";"K9";"Kouto";"K903";"Kolia";32113;3097;42;122;176;1629;644;476;8;0
"CI050201";"K";"Savanes";"K9";"Kouto";"K904";"Kouto";55893;5958;190;51;494;2408;1853;943;18;1
"CI050205";"K";"Savanes";"K9";"Kouto";"K905";"Sianhala";34048;2694;10;1;28;1372;1018;259;6;0
"CI050302";"K";"Savanes";"KA";"Tengrela";"KA01";"Débété";5229;699;9;0;11;252;271;156;0;0
"CI050303";"K";"Savanes";"KA";"Tengrela";"KA02";"Kanakono";30630;4821;0;3;176;3047;764;737;93;1
"CI050304";"K";"Savanes";"KA";"Tengrela";"KA03";"Papara";13448;3443;122;17;8;1309;1133;802;52;0
"CI050301";"K";"Savanes";"KA";"Tengrela";"KA04";"Tengrela";92454;13496;212;158;1237;6878;2827;2108;76;0
"CI110101";"L";"Vallée du Bandama";"L1";"Béoumi";"L101";"Ando-Kékrénou";16826;2618;1;0;80;174;2036;276;50;1
"CI110102";"L";"Vallée du Bandama";"L1";"Béoumi";"L102";"Béoumi";85600;15381;1005;934;413;3983;7982;1022;40;2
"CI110103";"L";"Vallée du Bandama";"L1";"Béoumi";"L103";"Bodokro";37048;5223;1;9;54;1052;3905;135;67;0
"CI110104";"L";"Vallée du Bandama";"L1";"Béoumi";"L104";"Kondrobo";18052;2534;8;2;320;119;1864;217;4;0
"CI110105";"L";"Vallée du Bandama";"L1";"Béoumi";"L105";"Lolobo";11586;1592;2;0;172;128;1270;19;1;0
"CI110106";"L";"Vallée du Bandama";"L1";"Béoumi";"L106";"Marabadiassa";10664;1870;12;0;7;328;1242;276;5;0
"CI110107";"L";"Vallée du Bandama";"L1";"Béoumi";"L107";"N'Guéssankro";15239;2198;0;4;3;156;2020;12;3;0
"CI110201";"L";"Vallée du Bandama";"L2";"Botro";"L201";"Botro";36461;5547;824;60;568;1076;2778;227;14;0
"CI110202";"L";"Vallée du Bandama";"L2";"Botro";"L202";"Diabo";35761;5539;152;55;339;1334;3160;475;24;0
"CI110203";"L";"Vallée du Bandama";"L2";"Botro";"L203";"Krofoinsou";13402;1999;0;0;8;132;1802;50;7;0
"CI110204";"L";"Vallée du Bandama";"L2";"Botro";"L204";"Languibonou";32300;5224;42;6;147;1362;3520;139;8;0
"CI110301";"L";"Vallée du Bandama";"L3";"Bouaké";"L301";"Bouaké";832371;152187;20937;29016;33745;33339;28497;6411;229;13
"CI110302";"L";"Vallée du Bandama";"L3";"Bouaké";"L302";"Bounda";15710;1975;61;73;130;378;1136;188;9;0
"CI110303";"L";"Vallée du Bandama";"L3";"Bouaké";"L303";"Brobo";22780;4123;918;109;169;857;1771;261;38;0
"CI110304";"L";"Vallée du Bandama";"L3";"Bouaké";"L304";"Djébonoua";40481;6242;521;20;82;1959;3304;340;16;0
"CI110305";"L";"Vallée du Bandama";"L3";"Bouaké";"L305";"Mamini";20509;2953;22;15;34;362;2404;108;8;0
"CI110402";"L";"Vallée du Bandama";"L4";"Sakassou";"L401";"Ayaou-Sran";16278;3431;0;0;3;520;2865;43;0;0
"CI110403";"L";"Vallée du Bandama";"L4";"Sakassou";"L402";"Dibri-Assirikro";18405;3043;16;0;83;477;2386;69;12;0
"CI110401";"L";"Vallée du Bandama";"L4";"Sakassou";"L403";"Sakassou";69386;13362;606;90;1073;3456;7756;340;31;10
"CI110404";"L";"Vallée du Bandama";"L4";"Sakassou";"L404";"Toumodi-Sakassou";4041;981;0;1;4;132;824;19;1;0
"CI170101";"L";"Vallée du Bandama";"L5";"Dabakala";"L501";"Bassawa";21487;4376;2;4;174;1285;2791;51;31;38
"CI170102";"L";"Vallée du Bandama";"L5";"Dabakala";"L502";"Bonieredougou";27696;6095;346;62;143;1474;3862;200;8;0
"CI170103";"L";"Vallée du Bandama";"L5";"Dabakala";"L503";"Dabakala";78634;14894;289;293;459;4791;8266;755;41;0
"CI170104";"L";"Vallée du Bandama";"L5";"Dabakala";"L504";"Foumbolo";29022;7200;64;10;357;1705;5006;45;13;0
"CI170105";"L";"Vallée du Bandama";"L5";"Dabakala";"L505";"Niéméné";16684;3582;1;2;11;996;2494;75;3;0
"CI170106";"L";"Vallée du Bandama";"L5";"Dabakala";"L506";"Satama-Sokoro";26163;6048;38;3;14;230;5659;91;13;0
"CI170107";"L";"Vallée du Bandama";"L5";"Dabakala";"L507";"Satama-Sokoura";13067;3004;1;0;60;512;2427;4;0;0
"CI170108";"L";"Vallée du Bandama";"L5";"Dabakala";"L508";"Sokala-Sobara";17824;2922;2;0;12;1334;1496;78;0;0
"CI170109";"L";"Vallée du Bandama";"L5";"Dabakala";"L509";"Tendéné-Bambarasso";15238;2648;107;1;198;394;1940;7;1;0
"CI170110";"L";"Vallée du Bandama";"L5";"Dabakala";"L510";"Yaossédougou";8616;1535;0;0;29;340;1158;4;4;0
"CI170202";"L";"Vallée du Bandama";"L6";"Katiola";"L601";"Fronan";56796;9327;462;12;398;3124;4694;609;28;0
"CI170201";"L";"Vallée du Bandama";"L6";"Katiola";"L602";"Katiola";90641;18052;859;981;4159;5580;4654;1691;119;9
"CI170203";"L";"Vallée du Bandama";"L6";"Katiola";"L603";"Timbé";15035;2694;5;2;21;810;1784;67;5;0
"CI170302";"L";"Vallée du Bandama";"L7";"Niakaramandougou";"L701";"Arikokaha";13486;1807;0;109;33;364;1228;61;12;0
"CI170303";"L";"Vallée du Bandama";"L7";"Niakaramandougou";"L702";"Badikaha";27498;6261;1205;467;943;754;2425;453;14;0
"CI170301";"L";"Vallée du Bandama";"L7";"Niakaramandougou";"L703";"Niakaramandougou";78301;14306;2430;557;371;3366;6895;644;35;8
"CI170304";"L";"Vallée du Bandama";"L7";"Niakaramandougou";"L704";"Niédiékaha";13193;2166;1;0;6;435;1702;19;3;0
"CI170305";"L";"Vallée du Bandama";"L7";"Niakaramandougou";"L705";"Tafiré";32240;5490;336;52;448;1894;2413;341;6;0
"CI170306";"L";"Vallée du Bandama";"L7";"Niakaramandougou";"L706";"Tortiya";30409;5279;66;6;718;1341;2142;988;18;0
"CI330102";"M";"Woroba";"M1";"Kani";"M101";"Djibrosso";22484;4710;353;9;31;1084;2888;336;9;0
"CI330103";"M";"Woroba";"M1";"Kani";"M102";"Fadiadougou";34552;6362;7;20;92;1520;3787;922;14;0
"CI330101";"M";"Woroba";"M1";"Kani";"M103";"Kani";55109;11327;684;1230;252;1384;7223;505;49;0
"CI330104";"M";"Woroba";"M1";"Kani";"M104";"Morondo";19283;3641;346;89;6;567;2401;231;1;0
"CI330202";"M";"Woroba";"M2";"Séguéla";"M201";"Bobi-Diarabana";25063;5800;7;2;71;3459;1943;317;1;0
"CI330203";"M";"Woroba";"M2";"Séguéla";"M202";"Dualla";9996;2489;2;1;2;1551;917;16;0;0
"CI330204";"M";"Woroba";"M2";"Séguéla";"M203";"Kamalo";13584;2864;1;0;55;446;2063;228;71;0
"CI330205";"M";"Woroba";"M2";"Séguéla";"M204";"Massala";40647;6181;5;2;5;918;4947;292;12;0
"CI330201";"M";"Woroba";"M2";"Séguéla";"M205";"Séguéla";103980;18775;551;774;1445;8271;6985;707;41;1
"CI330206";"M";"Woroba";"M2";"Séguéla";"M206";"Sifié";31264;7223;106;66;87;594;6174;186;10;0
"CI330207";"M";"Woroba";"M2";"Séguéla";"M207";"Worofla";66713;11173;50;183;44;3600;6981;262;53;0
"CI070101";"M";"Woroba";"M3";"Dianra";"M301";"Dianra";61527;11176;127;158;350;1803;8163;557;18;0
"CI070102";"M";"Woroba";"M3";"Dianra";"M302";"Dianra-Village";57619;9752;37;295;229;1590;6855;708;38;0
"CI070202";"M";"Woroba";"M4";"Kounahiri";"M401";"Kongasso";37281;5462;130;28;19;1951;3182;132;20;0
"CI070201";"M";"Woroba";"M4";"Kounahiri";"M402";"Kounahiri";63830;9326;59;2;429;3146;5485;188;16;1
"CI070302";"M";"Woroba";"M5";"Mankono";"M501";"Bouandougou";45494;9705;16;140;161;2973;6064;342;9;0
"CI070301";"M";"Woroba";"M5";"Mankono";"M502";"Mankono";74165;11877;621;164;575;3232;6789;481;15;0
"CI070303";"M";"Woroba";"M5";"Mankono";"M503";"Marandallah";42729;6243;1;1;11;1438;4322;437;33;0
"CI070304";"M";"Woroba";"M5";"Mankono";"M504";"Sarhala";42450;9372;249;0;21;5504;3456;139;3;0
"CI070305";"M";"Woroba";"M5";"Mankono";"M505";"Tiéningboué";67055;8640;887;58;137;1249;6056;251;2;0
"CI040102";"M";"Woroba";"M6";"Koro";"M601";"Booko";22894;3429;234;6;7;630;2504;48;0;0
"CI040103";"M";"Woroba";"M6";"Koro";"M602";"Borotou";5202;781;72;31;3;295;373;7;0;0
"CI040101";"M";"Woroba";"M6";"Koro";"M603";"Koro";33567;6780;2591;97;676;1041;2294;25;56;0
"CI040104";"M";"Woroba";"M6";"Koro";"M604";"Mahandougou";6337;896;0;0;103;352;433;7;1;0
"CI040105";"M";"Woroba";"M6";"Koro";"M605";"Niokosso";8346;1281;0;1;2;120;1156;2;0;0
"CI040202";"M";"Woroba";"M7";"Ouaninou";"M701";"Gbèlo";6369;1618;18;2;21;932;552;92;1;0
"CI040203";"M";"Woroba";"M7";"Ouaninou";"M702";"Gouékan";4592;597;0;0;58;46;490;3;0;0
"CI040204";"M";"Woroba";"M7";"Ouaninou";"M703";"Koonan";9970;1322;25;11;40;328;895;16;7;0
"CI040201";"M";"Woroba";"M7";"Ouaninou";"M704";"Ouaninou";27919;4773;14;11;235;1555;2866;82;10;0
"CI040205";"M";"Woroba";"M7";"Ouaninou";"M705";"Saboudougou";5225;870;0;0;4;86;669;51;60;0
"CI040206";"M";"Woroba";"M7";"Ouaninou";"M706";"Santa";11906;1635;0;0;3;301;1137;187;7;0
"CI040302";"M";"Woroba";"M8";"Touba";"M801";"Dioman";6375;1091;1;1;4;246;811;27;1;0
"CI040303";"M";"Woroba";"M8";"Touba";"M802";"Foungbesso";24562;4433;73;7;61;1434;2768;80;10;0
"CI040304";"M";"Woroba";"M8";"Touba";"M803";"Guintéguéla";34575;6261;74;8;7;1010;4862;297;3;0
"CI040301";"M";"Woroba";"M8";"Touba";"M804";"Touba";55013;10451;369;302;1998;3420;3778;532;52;0
"CI140101";"N";"Zanzan";"N1";"Bondoukou";"N101";"Appimadoum";9920;2864;4;0;2;479;2356;22;1;0
"CI140106";"N";"Zanzan";"N1";"Bondoukou";"N102";"Pinda-Boroko";5951;1499;1;0;10;271;1121;83;13;0
"CI140102";"N";"Zanzan";"N1";"Bondoukou";"N103";"Bondo";28482;6479;0;5;216;1101;5129;22;5;1
"CI140103";"N";"Zanzan";"N1";"Bondoukou";"N104";"Bondoukou";141568;36959;5686;6914;3301;6534;12501;1853;149;21
"CI140104";"N";"Zanzan";"N1";"Bondoukou";"N105";"Gouméré";23870;5709;23;30;406;1088;4019;135;8;0
"CI140105";"N";"Zanzan";"N1";"Bondoukou";"N106";"Laoudi-Ba";98053;23639;37;38;124;5152;17889;360;38;1
"CI140107";"N";"Zanzan";"N1";"Bondoukou";"N107";"Sapli-Sépingo";12403;2786;13;19;270;236;2231;15;2;0
"CI140108";"N";"Zanzan";"N1";"Bondoukou";"N108";"Sorobango";34797;8921;0;0;21;1356;7436;101;5;2
"CI140109";"N";"Zanzan";"N1";"Bondoukou";"N109";"Tabagne";26909;6990;112;601;548;1059;4589;71;10;0
"CI140110";"N";"Zanzan";"N1";"Bondoukou";"N110";"Tagadi";35143;7436;0;7;7;1273;6016;124;9;0
"CI140111";"N";"Zanzan";"N1";"Bondoukou";"N111";"Taoudi";27917;6292;1;0;297;552;5420;15;7;0
"CI140112";"N";"Zanzan";"N1";"Bondoukou";"N112";"Yézimala";8829;2769;2;0;20;883;1780;82;2;0
"CI140202";"N";"Zanzan";"N2";"Koun Fao";"N201";"Boahia";11834;2153;1;6;119;554;1448;25;0;0
"CI140203";"N";"Zanzan";"N2";"Koun Fao";"N202";"Kokomian";15090;2511;196;7;61;990;1064;117;14;62
"CI140204";"N";"Zanzan";"N2";"Koun Fao";"N203";"Kouassi-Datékro";30328;7054;8;7;34;1124;5776;105;0;0
"CI140201";"N";"Zanzan";"N2";"Koun Fao";"N204";"Koun-Fao";49280;10047;534;77;438;2153;6487;351;5;2
"CI140205";"N";"Zanzan";"N2";"Koun Fao";"N205";"Tankessé";35940;7875;68;86;284;1642;5476;307;11;1
"CI140206";"N";"Zanzan";"N2";"Koun Fao";"N206";"Tienkoikro";25409;4856;15;9;246;1411;3068;85;21;1
"CI140302";"N";"Zanzan";"N3";"Sandegue";"N301";"Bandakagni-Tomora";11264;2611;0;0;10;862;1732;5;2;0
"CI140303";"N";"Zanzan";"N3";"Sandegue";"N302";"Dimandougou";9190;2404;2;0;6;513;1801;82;0;0
"CI140301";"N";"Zanzan";"N3";"Sandegue";"N303";"Sandégué";26918;6638;201;9;44;2753;3511;95;24;1
"CI140304";"N";"Zanzan";"N3";"Sandegue";"N304";"Yorobodi";22369;5655;0;0;8;1713;3889;36;9;0
"CI140502";"N";"Zanzan";"N4";"Transua";"N401";"Assuéfry";45293;7748;746;104;160;1408;5194;134;2;0
"CI140503";"N";"Zanzan";"N4";"Transua";"N402";"Kouassia-Niaguini";21522;2949;3;0;74;389;2143;332;8;0
"CI140501";"N";"Zanzan";"N4";"Transua";"N403";"Transua";46026;8213;36;19;595;1808;5097;644;13;1
"CI140402";"N";"Zanzan";"N5";"Tanda";"N501";"Amanvi";10141;2977;12;8;10;761;2160;20;6;0
"CI140403";"N";"Zanzan";"N5";"Tanda";"N502";"Diamba";17045;3761;6;0;295;218;3207;26;9;0
"CI140401";"N";"Zanzan";"N5";"Tanda";"N503";"Tanda";69597;16100;5097;807;325;1297;8206;324;43;1
"CI140404";"N";"Zanzan";"N5";"Tanda";"N504";"Tchèdio";16740;3855;4;0;63;443;3220;113;12;0
"CI080101";"N";"Zanzan";"N6";"Bouna";"N601";"Bouko";24550;3230;2;9;38;1224;1848;31;0;78
"CI080102";"N";"Zanzan";"N6";"Bouna";"N602";"Bouna";94883;17285;1000;1080;1063;3879;9401;845;17;0
"CI080103";"N";"Zanzan";"N6";"Bouna";"N603";"Ondéfidouo";33822;4855;1;2;7;1133;3470;232;10;0
"CI080105";"N";"Zanzan";"N6";"Bouna";"N604";"Youndouo";24826;3494;136;17;4;543;2741;49;4;0
"CI080104";"N";"Zanzan";"N6";"Bouna";"N60X";"Parc National de Bona";NA;NA;NA;NA;NA;NA;NA;NA;NA;NA
"CI080201";"N";"Zanzan";"N7";"Doropo";"N701";"Danoa";13502;1465;0;0;5;204;1209;46;1;0
"CI080202";"N";"Zanzan";"N7";"Doropo";"N702";"Doropo";48225;8269;287;217;501;1544;5019;674;27;0
"CI080203";"N";"Zanzan";"N7";"Doropo";"N703";"Kalamon";9236;1400;1;0;0;341;1047;8;3;0
"CI080204";"N";"Zanzan";"N7";"Doropo";"N704";"Niamoué";22423;2493;1;0;8;230;2170;82;1;1
"CI080302";"N";"Zanzan";"N8";"Nassian";"N801";"Bogofa";10544;1937;0;1;2;667;1213;45;9;0
"CI080303";"N";"Zanzan";"N8";"Nassian";"N802";"Kakpin";8441;1719;1;0;1;168;1324;207;18;0
"CI080304";"N";"Zanzan";"N8";"Nassian";"N803";"Koutouba";14209;2516;1;0;6;213;2287;5;4;0
"CI080301";"N";"Zanzan";"N8";"Nassian";"N804";"Nassian";27159;6267;221;23;114;759;4975;149;26;0
"CI080305";"N";"Zanzan";"N8";"Nassian";"N805";"Sominassé";11371;2079;1;1;0;362;1710;4;1;0
"CI080402";"N";"Zanzan";"N9";"Téhini";"N901";"Gogo";23509;2328;54;1;1;333;1928;10;0;1
"CI080401";"N";"Zanzan";"N9";"Téhini";"N902";"Téhini";29755;3483;17;102;138;681;2402;142;1;0
"CI080403";"N";"Zanzan";"N9";"Téhini";"N903";"Tougbo";30582;3772;72;1;3;749;2908;33;3;3
